topic,steps
Python,"Basics of Python, Syntax and Variables, Data Types, Control Flow, Functions, Modules, File Handling, Object-Oriented Programming, Exception Handling, Libraries (NumPy, Pandas), Data Visualization (Matplotlib, Seaborn), Web Scraping, Virtual Environments, Flask/Django, Projects"
C++,"Syntax, Data Types, Input/Output, Control Structures, Functions, Arrays, Pointers, OOP Concepts, Constructors and Destructors, Operator Overloading, Templates, STL, File Handling, Projects"
Java,"Syntax and Basics, Data Types, OOP Concepts, Packages, Exception Handling, Collections Framework, Multithreading, JDBC, Servlets, Spring Framework, Maven, REST APIs, Projects"
JavaScript,"Syntax, Variables, Functions, DOM Manipulation, Events, ES6 Features, Asynchronous JS (Promises, async/await), JSON, APIs, Frameworks (React/Vue/Angular), Node.js Basics, Projects"
HTML,"HTML Structure, Tags and Attributes, Links and Images, Forms, Semantic HTML, Tables, Lists, Multimedia, HTML5 Elements, Accessibility, Projects"
CSS,"Selectors, Box Model, Positioning, Flexbox, Grid, Transitions and Animations, Pseudo Classes, Responsive Design, CSS Variables, SCSS, Projects"
React.js,"JSX, Components, Props, State, Lifecycle Methods, Hooks, Context API, Routing, State Management (Redux/Zustand), API Integration, Optimization, Deployment, Projects"
Node.js,"Basics, NPM Modules, File System, Events, Streams, Express.js, REST APIs, Middleware, Authentication (JWT), MongoDB Integration, Error Handling, Deployment, Projects"
MongoDB,"Basics of NoSQL, Collections and Documents, CRUD Operations, Query Operators, Aggregation Framework, Indexing, Relationships, Mongoose ODM, Performance Tuning, Backup/Restore, Projects"
SQL,"Databases Introduction, DDL/DML, Joins, Subqueries, Views, Stored Procedures, Triggers, Indexing, Transactions, Normalization, Performance Optimization, Projects"
Machine Learning,"Introduction, Supervised Learning, Unsupervised Learning, Regression, Classification, Clustering, Feature Engineering, Model Evaluation, Scikit-learn, Neural Networks, Projects"
Deep Learning,"Neural Networks, Activation Functions, Backpropagation, CNNs, RNNs, LSTMs, GANs, Transfer Learning, TensorFlow/Keras, Optimization, Projects"
Data Science,"Data Cleaning, EDA, Statistics, Probability, Data Visualization, Feature Selection, ML Models, Data Pipelines, Model Deployment, Projects"
Artificial Intelligence,"Introduction, Search Algorithms, Knowledge Representation, Machine Learning, Natural Language Processing, Robotics, Expert Systems, AI Ethics, Projects"
Computer Vision,"Image Processing Basics, Filters and Transforms, Edge Detection, Object Detection, Face Recognition, OpenCV, CNN Models, Transfer Learning, Projects"
Natural Language Processing,"Text Preprocessing, Tokenization, Stemming/Lemmatization, Bag of Words, TF-IDF, Word Embeddings, Sentiment Analysis, Transformers, Chatbots, Projects"
Data Structures,"Arrays, Linked Lists, Stacks, Queues, Trees, Graphs, Hashing, Searching and Sorting, Recursion, Complexity Analysis, Projects"
Algorithms,"Complexity, Recursion, Divide and Conquer, Dynamic Programming, Greedy Algorithms, Graph Algorithms, Sorting, Searching, Backtracking, Projects"
Operating Systems,"Architecture, Processes, Threads, CPU Scheduling, Memory Management, File Systems, Deadlocks, Synchronization, Virtual Memory, Projects"
Computer Networks,"Network Layers, TCP/IP, Routing, Switching, DNS, HTTP/HTTPS, Network Security, Firewalls, Wireless Networks, Cloud Networking, Projects"
DBMS,"Database Models, Normalization, SQL Queries, Joins, Transactions, Concurrency Control, Indexing, ER Diagrams, ACID Properties, Backup, Projects"
Software Engineering,"SDLC, Agile, Waterfall, Requirements Analysis, Design Patterns, Testing, Maintenance, DevOps, Project Management, Projects"
Cybersecurity,"Introduction, Threats and Attacks, Cryptography, Network Security, Firewalls, Authentication, Ethical Hacking, Penetration Testing, Security Auditing, Projects"
Cloud Computing,"Introduction, Virtualization, Cloud Models (IaaS/PaaS/SaaS), AWS, Azure, GCP, Cloud Storage, Serverless, DevOps Integration, Cloud Security, Projects"
AWS,"EC2, S3, Lambda, IAM, VPC, CloudWatch, CloudFormation, RDS, ECS, EKS, Cloud Security, Projects"
Azure,"Virtual Machines, App Services, Azure Functions, Blob Storage, Databases, Networking, Azure DevOps, Security, Monitoring, Projects"
Google Cloud,"Compute Engine, Cloud Storage, BigQuery, IAM, Cloud Functions, Kubernetes Engine, Monitoring, Security, Projects"
DevOps,"Introduction, Version Control, CI/CD, Jenkins, Docker, Kubernetes, Infrastructure as Code, Monitoring, Automation, Projects"
Docker,"Images and Containers, Dockerfile, Volumes, Networks, Compose, Registry, CI/CD Integration, Security, Projects"
Kubernetes,"Pods, ReplicaSets, Deployments, Services, ConfigMaps, Secrets, Ingress, Helm, Monitoring, Scaling, Projects"
Git & GitHub,"Version Control, Git Commands, Branching, Merging, Conflicts, Pull Requests, GitHub Actions, Collaboration, Projects"
Linux,"Commands, File System, Permissions, Shell Scripting, Process Management, Networking, System Monitoring, Package Management, Projects"
Embedded Systems,"Microcontrollers, Sensors and Actuators, C Programming, RTOS, Communication Protocols, Embedded C, IoT Integration, Projects"
Internet of Things (IoT),"Sensors, Connectivity, Protocols, Cloud Integration, Edge Computing, IoT Security, Data Analytics, Projects"
Robotics,"Kinematics, Sensors, Actuators, Control Systems, Path Planning, ROS, Machine Vision, Projects"
Augmented Reality,"Introduction, AR SDKs, Unity/Unreal Engine, 3D Modeling, Image Tracking, ARCore/ARKit, Deployment, Projects"
Virtual Reality,"Introduction, Hardware, Unity Development, 3D Environments, User Interaction, Optimization, VR SDKs, Projects"
Blockchain,"Basics, Cryptography, Smart Contracts, Ethereum, Solidity, DApps, Consensus Algorithms, NFTs, Projects"
Cryptography,"Encryption/Decryption, Hash Functions, Symmetric/Asymmetric Keys, Digital Signatures, PKI, SSL/TLS, Blockchain Integration, Projects"
Quantum Computing,"Qubits, Quantum Gates, Superposition, Entanglement, Quantum Algorithms, Qiskit, Quantum Circuits, Projects"
Data Analytics,"Data Collection, Cleaning, EDA, Visualization, Descriptive Analytics, Predictive Analytics, Reporting, Projects"
Big Data,"Hadoop, MapReduce, HDFS, Spark, Hive, Pig, Data Pipelines, Streaming, Projects"
Apache Spark,"RDDs, DataFrames, Spark SQL, Streaming, MLlib, GraphX, Optimization, Projects"
Computer Architecture,"CPU Design, ALU, Memory Hierarchy, Pipelining, Instruction Sets, Caching, Parallelism, Projects"
Microprocessors,"Architecture, Instruction Set, Assembly Language, Interfacing, Timing Diagrams, Projects"
VLSI Design,"MOSFETs, CMOS, Logic Gates, Layout Design, Fabrication, Testing, Projects"
Digital Electronics,"Logic Gates, Flip-Flops, Counters, Multiplexers, ADC/DAC, Microcontrollers, Projects"
Analog Electronics,"Diodes, Transistors, Amplifiers, Oscillators, Filters, Power Supplies, Projects"
Mobile App Development,"Android Studio, XML, Activities, Intents, UI Design, Firebase Integration, API Calls, Projects"
Flutter,"Dart Language, Widgets, Layouts, State Management, Navigation, Firebase, API Integration, Deployment, Projects"
React Native,"Components, Navigation, State Management, API Calls, Native Modules, Debugging, Deployment, Projects"
UI/UX Design,"Design Thinking, Wireframing, Prototyping, Figma, Usability Testing, Accessibility, Design Systems, Projects"
Game Development,"Game Engines, Unity, C#, 2D/3D Physics, Animation, AI in Games, Multiplayer, Deployment, Projects"
Computer Graphics,"Rasterization, 2D/3D Transformations, Shading, OpenGL/WebGL, Ray Tracing, Projects"
Parallel Computing,"Threads, Synchronization, OpenMP, MPI, GPU Computing, Performance Optimization, Projects"
High Performance Computing,"Parallelism, Cluster Computing, GPU Programming, Optimization, Cloud HPC, Projects"
Image Processing,"Filtering, Histogram Equalization, Edge Detection, Segmentation, Morphological Operations, OpenCV, Projects"
Speech Recognition,"Signal Processing, MFCC, Acoustic Models, Deep Learning, Speech-to-Text, Projects"
Digital Signal Processing,"Sampling, Fourier Transform, Filters, Convolution, Spectral Analysis, Real-Time Processing, Projects"
Neural Networks,"Architecture, Activation, Backpropagation, Regularization, Optimization, TensorFlow, Projects"
Reinforcement Learning,"Markov Decision Process, Q-Learning, Policy Gradients, Deep RL, Gym Environments, Projects"
Computer Security,"Threats, Malware, Vulnerabilities, Cryptography, Network Security, Incident Response, Projects"
Ethical Hacking,"Footprinting, Scanning, Exploitation, Post Exploitation, Web App Hacking, Forensics, Projects"
Cloud DevOps,"CI/CD, Infrastructure as Code, Kubernetes on Cloud, Monitoring, Cloud Security, Projects"
API Development,"REST APIs, Authentication, Rate Limiting, Documentation, Testing, Deployment, Projects"
Backend Development,"Architecture, REST APIs, Databases, Authentication, Error Handling, Testing, Deployment, Projects"
Frontend Development,"HTML/CSS/JS, Frameworks, Responsive Design, State Management, APIs, Optimization, Projects"
Data Engineering,"ETL, Data Pipelines, Warehousing, Streaming, Airflow, Cloud Storage, Projects"
AI Ethics,"Fairness, Bias, Transparency, Accountability, Privacy, Responsible AI, Projects"
5G Technology,"Network Architecture, Frequency Bands, IoT Integration, Edge Computing, Security, Projects"
Cyber Forensics,"Data Recovery, Evidence Handling, Log Analysis, Malware Analysis, Chain of Custody, Projects"
Edge Computing,"Architecture, Edge Devices, Data Processing, AI on Edge, Security, Deployment, Projects"
AR/VR Development,"Unity, SDK Integration, 3D Modeling, Physics, Interaction Design, Deployment, Projects"
Autonomous Vehicles,"Sensors, Perception, Path Planning, Control Systems, Simulation, AI Models, Projects"
Drone Technology,"Flight Principles, Hardware, Sensors, Control Algorithms, Navigation, Projects"
Wearable Technology,"Sensors, Data Processing, Health Monitoring, Wireless Communication, IoT Integration, Projects"
Computer Vision (Advanced),"Segmentation, Object Detection, Pose Estimation, OCR, Deep Learning Models, Projects"
Data Warehousing,"ETL, OLAP, Star Schema, Snowflake Schema, BI Tools, Projects"
Data Mining,"Association Rules, Classification, Clustering, Anomaly Detection, Pattern Recognition, Projects"
Cloud Security,"Identity Management, Encryption, Firewalls, Compliance, Monitoring, Incident Response, Projects"
Network Security,"Firewalls, IDS/IPS, VPNs, SSL/TLS, Secure Configurations, Projects"
Digital Forensics,"Disk Analysis, Memory Forensics, Network Forensics, Malware Investigation, Projects"